insert into customer (customer_id, first_name, last_name, email, phone, age) values (1, 'Hulda', 'Hawick', 'hhawick0@mit.edu', '373-101-6248', 22);
insert into customer (customer_id, first_name, last_name, email, phone, age) values (2, 'Gayleen', 'Kadar', 'gkadar1@dropbox.com', '306-481-7489', 10);
insert into customer (customer_id, first_name, last_name, email, phone, age) values (3, 'Mickey', 'Sutherland', 'msutherland2@wikimedia.org', '653-352-2867', 72);
insert into customer (customer_id, first_name, last_name, email, phone, age) values (4, 'Harri', 'Carabet', 'hcarabet3@hibu.com', '951-612-3565', 81);
insert into customer (customer_id, first_name, last_name, email, phone, age) values (5, 'Lorilyn', 'Keyhoe', 'lkeyhoe4@unc.edu', '128-175-3422', 7);
insert into customer (customer_id, first_name, last_name, email, phone, age) values (6, 'Aridatha', 'Giabucci', 'agiabucci5@fema.gov', '727-988-0603', 91);
insert into customer (customer_id, first_name, last_name, email, phone, age) values (7, 'Vite', 'Kemet', 'vkemet6@bloglovin.com', '134-395-4012', 66);
insert into customer (customer_id, first_name, last_name, email, phone, age) values (8, 'Leonanie', 'Rentalll', 'lrentalll7@nbcnews.com', '409-908-6626', 65);
insert into customer (customer_id, first_name, last_name, email, phone, age) values (9, 'Tore', 'McCree', 'tmccree8@tripod.com', '352-326-4510', 90);
insert into customer (customer_id, first_name, last_name, email, phone, age) values (10, 'Ellissa', 'Jaqueminet', 'ejaqueminet9@qq.com', '230-779-0861', 11);
insert into customer (customer_id, first_name, last_name, email, phone, age) values (11, 'Northrup', 'Covil', 'ncovila@yellowpages.com', '825-973-7935', 20);
insert into customer (customer_id, first_name, last_name, email, phone, age) values (12, 'Talyah', 'Yuryshev', 'tyuryshevb@surveymonkey.com', '213-632-9060', 73);
insert into customer (customer_id, first_name, last_name, email, phone, age) values (13, 'Wilburt', 'Leedes', 'wleedesc@merriam-webster.com', '607-238-5410', 89);
insert into customer (customer_id, first_name, last_name, email, phone, age) values (14, 'Dona', 'Greenslade', 'dgreensladed@barnesandnoble.com', '262-239-4159', 98);
insert into customer (customer_id, first_name, last_name, email, phone, age) values (15, 'Ardath', 'Schole', 'ascholee@moonfruit.com', '952-979-9341', 14);
insert into customer (customer_id, first_name, last_name, email, phone, age) values (16, 'Dermot', 'Liddall', 'dliddallf@google.co.jp', '692-588-9057', 64);
insert into customer (customer_id, first_name, last_name, email, phone, age) values (17, 'Chiquia', 'Cooke', 'ccookeg@friendfeed.com', '629-636-5543', 86);
insert into customer (customer_id, first_name, last_name, email, phone, age) values (18, 'Carlee', 'Windsor', 'cwindsorh@bbb.org', '253-987-9752', 92);
insert into customer (customer_id, first_name, last_name, email, phone, age) values (19, 'Sullivan', 'Village', 'svillagei@is.gd', '158-481-6960', 95);
insert into customer (customer_id, first_name, last_name, email, phone, age) values (20, 'Artemis', 'Carcas', 'acarcasj@symantec.com', '764-545-2745', 54);
insert into customer (customer_id, first_name, last_name, email, phone, age) values (21, 'Alli', 'Dyer', 'adyerk@netvibes.com', '576-774-9616', 53);
insert into customer (customer_id, first_name, last_name, email, phone, age) values (22, 'Karyn', 'Buxey', 'kbuxeyl@hud.gov', '827-146-0271', 88);
insert into customer (customer_id, first_name, last_name, email, phone, age) values (23, 'Elisabeth', 'Rosthorn', 'erosthornm@irs.gov', '354-718-0234', 18);
insert into customer (customer_id, first_name, last_name, email, phone, age) values (24, 'Melinde', 'Hannaford', 'mhannafordn@squarespace.com', '519-568-8990', 59);
insert into customer (customer_id, first_name, last_name, email, phone, age) values (25, 'Haley', 'Denyukin', 'hdenyukino@livejournal.com', '420-546-2311', 30);
insert into customer (customer_id, first_name, last_name, email, phone, age) values (26, 'Emlen', 'Halstead', 'ehalsteadp@chronoengine.com', '824-644-9074', 84);
insert into customer (customer_id, first_name, last_name, email, phone, age) values (27, 'Vanya', 'Goater', 'vgoaterq@bluehost.com', '218-114-9768', 40);
insert into customer (customer_id, first_name, last_name, email, phone, age) values (28, 'Reina', 'Mayhou', 'rmayhour@stumbleupon.com', '912-412-6104', 74);
insert into customer (customer_id, first_name, last_name, email, phone, age) values (29, 'Freddie', 'Forsbey', 'fforsbeys@barnesandnoble.com', '792-898-4940', 65);
insert into customer (customer_id, first_name, last_name, email, phone, age) values (30, 'Bale', 'McVaugh', 'bmcvaught@list-manage.com', '185-434-3149', 80);


insert into customer_addres (client_id, country, city, street, home_number) values (1, 'China', 'Baiyang', 'Manufacturers', '04348');
insert into customer_addres (client_id, country, city, street, home_number) values (2, 'China', 'Jinchang', 'Toban', '1');
insert into customer_addres (client_id, country, city, street, home_number) values (3, 'Philippines', 'Bislig', 'Fair Oaks', '8059');
insert into customer_addres (client_id, country, city, street, home_number) values (4, 'Tokelau', 'Atafu Village', 'Roxbury', '732');
insert into customer_addres (client_id, country, city, street, home_number) values (5, 'Indonesia', 'Panenggoede', 'Kenwood', '631');
insert into customer_addres (client_id, country, city, street, home_number) values (6, 'Thailand', 'Samut Songkhram', 'Lunder', '1059');
insert into customer_addres (client_id, country, city, street, home_number) values (7, 'Indonesia', 'Oja', 'Weeping Birch', '24580');
insert into customer_addres (client_id, country, city, street, home_number) values (8, 'China', 'Niutang', 'Warbler', '78');
insert into customer_addres (client_id, country, city, street, home_number) values (9, 'Brazil', 'Tupã', 'Mayer', '4601');
insert into customer_addres (client_id, country, city, street, home_number) values (10, 'Indonesia', 'Tamanan', 'Alpine', '1550');
insert into customer_addres (client_id, country, city, street, home_number) values (11, 'Brazil', 'Pedreira', 'Graedel', '50');
insert into customer_addres (client_id, country, city, street, home_number) values (12, 'Canada', 'Nicolet', 'Manufacturers', '54');
insert into customer_addres (client_id, country, city, street, home_number) values (13, 'Colombia', 'Cartagena del Chairá', 'Bellgrove', '2');
insert into customer_addres (client_id, country, city, street, home_number) values (14, 'Philippines', 'Inicbulan', 'Glendale', '877');
insert into customer_addres (client_id, country, city, street, home_number) values (15, 'China', 'Gongdao', 'Kedzie', '3');
insert into customer_addres (client_id, country, city, street, home_number) values (16, 'Indonesia', 'Tambir', 'Sheridan', '07341');
insert into customer_addres (client_id, country, city, street, home_number) values (17, 'China', 'Jixian', 'Delaware', '0');
insert into customer_addres (client_id, country, city, street, home_number) values (18, 'China', 'Huiwan', 'Elmside', '330');
insert into customer_addres (client_id, country, city, street, home_number) values (19, 'United States', 'Pittsburgh', 'Lindbergh', '643');
insert into customer_addres (client_id, country, city, street, home_number) values (20, 'Philippines', 'Anticala', 'Hauk', '4429');
insert into customer_addres (client_id, country, city, street, home_number) values (21, 'Norway', 'Frei', 'Lunder', '965');
insert into customer_addres (client_id, country, city, street, home_number) values (22, 'Portugal', 'Fátima', 'Summerview', '6');
insert into customer_addres (client_id, country, city, street, home_number) values (23, 'United States', 'Port Saint Lucie', 'Fordem', '9');
insert into customer_addres (client_id, country, city, street, home_number) values (24, 'Madagascar', 'Ambato Boeny', 'Cardinal', '7124');
insert into customer_addres (client_id, country, city, street, home_number) values (25, 'United States', 'Fresno', 'Vermont', '1836');
insert into customer_addres (client_id, country, city, street, home_number) values (26, 'China', 'Songying', 'Sundown', '26188');
insert into customer_addres (client_id, country, city, street, home_number) values (27, 'Argentina', 'General Conesa', 'Columbus', '92072');
insert into customer_addres (client_id, country, city, street, home_number) values (28, 'Syria', 'Ash Shajarah', 'Columbus', '85');
insert into customer_addres (client_id, country, city, street, home_number) values (29, 'Poland', 'Pyrzyce', 'Talisman', '23057');
insert into customer_addres (client_id, country, city, street, home_number) values (30, 'France', 'Bordeaux', 'Vera', '718');


insert into account (customer_id, login, password, paying_method) values (1, 'msleightholm0', 'YsR06vI7h', 'infrequent');
insert into account (customer_id, login, password, paying_method) values (2, 'kellwell1', '5Yr8oH3hpF4c', 'infrequent');
insert into account (customer_id, login, password, paying_method) values (3, 'mblaskett2', '37uGIYDHzsaK', 'infrequent');
insert into account (customer_id, login, password, paying_method) values (4, 'gleeburn3', 'tix9zFWJW', 'infrequent');
insert into account (customer_id, login, password, paying_method) values (5, 'ldenk4', 'y2iTJTLl', 'infrequent');
insert into account (customer_id, login, password, paying_method) values (6, 'kskaid5', '5d8taiBWy', 'infrequent');
insert into account (customer_id, login, password, paying_method) values (7, 'mholtum6', 'FhbHPb0H', 'infrequent');
insert into account (customer_id, login, password, paying_method) values (8, 'bdishman7', 'Ha4brM1Cn', 'infrequent');
insert into account (customer_id, login, password, paying_method) values (9, 'gspinello8', 'cMAd7r', 'infrequent');
insert into account (customer_id, login, password, paying_method) values (10, 'ndammarell9', 'ZJP9C58', 'infrequent');
insert into account (customer_id, login, password, paying_method) values (11, 'pgrainea', 'nTNZOggPQ', 'prepaid');
insert into account (customer_id, login, password, paying_method) values (12, 'acosinb', 'H1Lchy', 'prepaid');
insert into account (customer_id, login, password, paying_method) values (13, 'mtrehearnec', 's6KbwsK8yQ', 'prepaid');
insert into account (customer_id, login, password, paying_method) values (14, 'whaggatad', 'qxWuE2dsx', 'prepaid');
insert into account (customer_id, login, password, paying_method) values (15, 'salbareze', 'kit4kz4Tv81G', 'prepaid');
insert into account (customer_id, login, password, paying_method) values (16, 'crobertssonf', '5YZ3L17aVf5', 'prepaid');
insert into account (customer_id, login, password, paying_method) values (17, 'srubinszteing', 'Y50h7qaW', 'prepaid');
insert into account (customer_id, login, password, paying_method) values (18, 'etinemanh', 'fJ4HXvA3cbW', 'prepaid');
insert into account (customer_id, login, password, paying_method) values (19, 'bnesbitti', 'umGntmBE', 'prepaid');
insert into account (customer_id, login, password, paying_method) values (20, 'rpaddiej', 't58PCgxyHv', 'prepaid');
insert into account (customer_id, login, password, paying_method) values (21, 'emallionk', 'qJD8WiVVK', 'contract');
insert into account (customer_id, login, password, paying_method) values (22, 'jbetunl', 'vZW6LQlOt', 'contract');
insert into account (customer_id, login, password, paying_method) values (23, 'fcockarillm', '8O1RsfqAa', 'contract');
insert into account (customer_id, login, password, paying_method) values (24, 'nlymbournen', 'lx6J0x3wuPtM', 'contract');
insert into account (customer_id, login, password, paying_method) values (25, 'jlawlero', 'Jr18PMFKB', 'contract');
insert into account (customer_id, login, password, paying_method) values (26, 'wlupartip', 'pPOTsjTbGg', 'contract');
insert into account (customer_id, login, password, paying_method) values (27, 'ecarnihanq', 'Z8LKrU2UJ', 'contract');
insert into account (customer_id, login, password, paying_method) values (28, 'mianettir', 'kkz6QLd', 'contract');
insert into account (customer_id, login, password, paying_method) values (29, 'jglencrosches', 'Pwz5U2', 'contract');
insert into account (customer_id, login, password, paying_method) values (30, 'tplailt', 'Vmsz28THsdF', 'contract');


insert into infrequent (account_id, card_number) values (1, '3543811083761906');
insert into infrequent (account_id, card_number) values (2, '4911267704919732');
insert into infrequent (account_id, card_number) values (3, '30378142975881');
insert into infrequent (account_id, card_number) values (4, '501872508767126778');
insert into infrequent (account_id, card_number) values (5, '676762327711975781');
insert into infrequent (account_id, card_number) values (6, '3564095307549966');
insert into infrequent (account_id, card_number) values (7, '3555727068568345');
insert into infrequent (account_id, card_number) values (8, '3536211374018992');
insert into infrequent (account_id, card_number) values (9, '5610090562884728');
insert into infrequent (account_id, card_number) values (10, '3572713880956313');


insert into prepaid (account_id, receipt_number) values (11, '3531955360962507');
insert into prepaid (account_id, receipt_number) values (12, '3531914480198963');
insert into prepaid (account_id, receipt_number) values (13, '3551166200399018');
insert into prepaid (account_id, receipt_number) values (14, '5018775046378663754');
insert into prepaid (account_id, receipt_number) values (15, '5100138034969531');
insert into prepaid (account_id, receipt_number) values (16, '3540758185752015');
insert into prepaid (account_id, receipt_number) values (17, '3534273660869308');
insert into prepaid (account_id, receipt_number) values (18, '3538247529793228');
insert into prepaid (account_id, receipt_number) values (19, '5048374590115186');
insert into prepaid (account_id, receipt_number) values (20, '3579288170007120');


insert into contract (account_id, monthly_charges, dept) values (1, 13.77, 40.29);
insert into contract (account_id, monthly_charges, dept) values (2, 95.11, 0);
insert into contract (account_id, monthly_charges, dept) values (3, 59.36, 70.4);
insert into contract (account_id, monthly_charges, dept) values (4, 78.24, 0);
insert into contract (account_id, monthly_charges, dept) values (5, 74.78, 6.85);
insert into contract (account_id, monthly_charges, dept) values (6, 16.65, 0);
insert into contract (account_id, monthly_charges, dept) values (7, 25.87, 0);
insert into contract (account_id, monthly_charges, dept) values (8, 77.92, 0);
insert into contract (account_id, monthly_charges, dept) values (9, 79.5, 97.44);
insert into contract (account_id, monthly_charges, dept) values (10, 9.65, 66.95);


insert into order_table (customer_id, package_id, name, price, weight, type, ordering_date, delievery_date, country, city, street, home_number) values (13, 1, 'Ford', 24159.22, 2783.37, 'flat envelop', '2020-04-05', '2021-03-11', 'China', 'Nanhe', 'Eagan', '7768');
insert into order_table (customer_id, package_id, name, price, weight, type, ordering_date, delievery_date, country, city, street, home_number) values (6, 2, 'Volvo', 82655.39, 1636.68, 'big box', '2020-06-16', '2021-10-20', 'Thailand', 'Pattani', 'Carey', '5');
insert into order_table (customer_id, package_id, name, price, weight, type, ordering_date, delievery_date, country, city, street, home_number) values (10, 3, 'Lexus', 62883.97, 2772.49, 'small box', '2020-04-06', '2021-08-22', 'Iran', 'Shūsh', 'Di Loreto', '43');
insert into order_table (customer_id, package_id, name, price, weight, type, ordering_date, delievery_date, country, city, street, home_number) values (28, 4, 'Dodge', 46048.43, 1183.19, 'hazardous', '2020-11-27', '2021-02-15', 'Ivory Coast', 'Adzopé', 'Pepper Wood', '0275');
insert into order_table (customer_id, package_id, name, price, weight, type, ordering_date, delievery_date, country, city, street, home_number) values (9, 5, 'Mazda', 24204.41, 2512.36, 'international', '2020-07-24', '2021-07-29', 'Indonesia', 'Merdeka', 'Melvin', '5');
insert into order_table (customer_id, package_id, name, price, weight, type, ordering_date, delievery_date, country, city, street, home_number) values (23, 6, 'Dodge', 23442.52, 1191.29, 'flat envelop', '2020-05-27', '2021-10-10', 'Indonesia', 'Sukamulya', 'Florence', '9');
insert into order_table (customer_id, package_id, name, price, weight, type, ordering_date, delievery_date, country, city, street, home_number) values (15, 7, 'Honda', 98191.65, 2789.47, 'flat envelop', '2020-06-08', '2021-06-18', 'Venezuela', 'San Diego', 'Kim', '5');
insert into order_table (customer_id, package_id, name, price, weight, type, ordering_date, delievery_date, country, city, street, home_number) values (22, 8, 'Buick', 44096.25, 1253.19, 'flat envelop', '2020-07-25', '2021-02-08', 'China', 'Mudian', 'Golf Course', '541');
insert into order_table (customer_id, package_id, name, price, weight, type, ordering_date, delievery_date, country, city, street, home_number) values (9, 9, 'Lincoln', 91840.06, 2884.49, 'big box', '2020-02-25', '2021-01-29', 'Russia', 'Tunoshna', 'Waubesa', '98860');
insert into order_table (customer_id, package_id, name, price, weight, type, ordering_date, delievery_date, country, city, street, home_number) values (10, 10, 'Hyundai', 65361.07, 1809.76, 'big box', '2020-01-02', '2021-04-08', 'Tunisia', 'Dar Chabanne', 'Porter', '34');
insert into order_table (customer_id, package_id, name, price, weight, type, ordering_date, delievery_date, country, city, street, home_number) values (29, 11, 'Land Rover', 80170.65, 1289.21, 'big box', '2020-09-13', '2021-11-06', 'United States', 'El Paso', 'Bunting', '58554');
insert into order_table (customer_id, package_id, name, price, weight, type, ordering_date, delievery_date, country, city, street, home_number) values (12, 12, 'Jaguar', 18022.59, 1997.02, 'hazardous', '2020-03-19', '2021-06-05', 'Colombia', 'Curumaní', 'Spaight', '6703');
insert into order_table (customer_id, package_id, name, price, weight, type, ordering_date, delievery_date, country, city, street, home_number) values (29, 13, 'Acura', 6113.56, 1449.94, 'hazardous', '2020-02-12', '2021-06-28', 'Indonesia', 'Detusoko', 'Harper', '300');
insert into order_table (customer_id, package_id, name, price, weight, type, ordering_date, delievery_date, country, city, street, home_number) values (6, 14, 'Buick', 59105.42, 2130.84, 'hazardous', '2020-06-27', '2021-11-28', 'China', 'Dingshu', 'Vera', '285');
insert into order_table (customer_id, package_id, name, price, weight, type, ordering_date, delievery_date, country, city, street, home_number) values (22, 15, 'Nissan', 44941.32, 2623.56, 'international', '2020-08-08', '2021-07-02', 'Jamaica', 'Alexandria', 'Mitchell', '5508');
insert into order_table (customer_id, package_id, name, price, weight, type, ordering_date, delievery_date, country, city, street, home_number) values (23, 16, 'Subaru', 13766.36, 1224.85, 'international', '2020-06-08', '2021-06-30', 'United States', 'Fort Worth', 'Dunning', '61');
insert into order_table (customer_id, package_id, name, price, weight, type, ordering_date, delievery_date, country, city, street, home_number) values (25, 17, 'Suzuki', 6318.18, 1429.8, 'international', '2020-01-03', '2021-10-23', 'Macedonia', 'Morani', 'Center', '6897');
insert into order_table (customer_id, package_id, name, price, weight, type, ordering_date, delievery_date, country, city, street, home_number) values (13, 18, 'Suzuki', 27973.19, 2654.19, 'international', '2020-08-29', '2021-04-22', 'Vietnam', 'Đưc Trọng', 'Briar Crest', '3106');
insert into order_table (customer_id, package_id, name, price, weight, type, ordering_date, delievery_date, country, city, street, home_number) values (5, 19, 'Volkswagen', 5569.16, 1927.69, 'international', '2020-01-10', '2021-05-07', 'Czech Republic', 'Kladruby', 'Killdeer', '473');
insert into order_table (customer_id, package_id, name, price, weight, type, ordering_date, delievery_date, country, city, street, home_number) values (27, 20, 'Buick', 96161.08, 2899.19, 'international', '2020-03-10', '2021-11-15', 'Russia', 'Ust’-Dzheguta', 'Arrowood', '77');
insert into order_table (customer_id, package_id, name, price, weight, type, ordering_date, delievery_date, country, city, street, home_number) values (17, 21, 'Audi', 59731.27, 1402.38, 'international', '2020-10-18', '2021-10-21', 'Brazil', 'Piraí', 'Manitowish', '0028');
insert into order_table (customer_id, package_id, name, price, weight, type, ordering_date, delievery_date, country, city, street, home_number) values (8, 22, 'Ford', 15099.35, 2114.28, 'international', '2020-05-15', '2021-01-27', 'China', 'Haihui', 'Graceland', '9896');
insert into order_table (customer_id, package_id, name, price, weight, type, ordering_date, delievery_date, country, city, street, home_number) values (23, 23, 'Oldsmobile', 24421.79, 2024.57, 'international', '2020-07-18', '2021-04-14', 'Brazil', 'Estância', 'Larry', '926');
insert into order_table (customer_id, package_id, name, price, weight, type, ordering_date, delievery_date, country, city, street, home_number) values (6, 24, 'Ford', 19495.42, 1448.25, 'hazardous', '2020-09-06', '2021-10-06', 'Indonesia', 'Talambung Laok', 'Carpenter', '2078');
insert into order_table (customer_id, package_id, name, price, weight, type, ordering_date, delievery_date, country, city, street, home_number) values (10, 25, 'Audi', 61318.25, 2585.46, 'hazardous', '2020-10-26', '2021-08-18', 'Madagascar', 'Ambatofinandrahana', 'Stang', '4337');
insert into order_table (customer_id, package_id, name, price, weight, type, ordering_date, delievery_date, country, city, street, home_number) values (13, 26, 'Maserati', 81109.62, 1035.44, 'hazardous', '2020-08-10', '2021-03-06', 'China', 'Shigutang', 'Commercial', '49');
insert into order_table (customer_id, package_id, name, price, weight, type, ordering_date, delievery_date, country, city, street, home_number) values (18, 27, 'GMC', 46773.14, 1590.45, 'hazardous', '2020-09-19', '2021-08-23', 'Russia', 'Ivanovka', 'Maple', '44541');
insert into order_table (customer_id, package_id, name, price, weight, type, ordering_date, delievery_date, country, city, street, home_number) values (14, 28, 'Volkswagen', 61609.81, 1092.08, 'envelop', '2020-10-19', '2021-11-22', 'Indonesia', 'Karangmulyo', 'Sage', '939');
insert into order_table (customer_id, package_id, name, price, weight, type, ordering_date, delievery_date, country, city, street, home_number) values (10, 29, 'Jaguar', 98628.7, 1490.16, 'envelop', '2020-07-07', '2021-08-29', 'Russia', 'Shchukino', 'Victoria', '4');
insert into order_table (customer_id, package_id, name, price, weight, type, ordering_date, delievery_date, country, city, street, home_number) values (7, 30, 'Lincoln', 12200.26, 1078.5, 'envelop', '2020-02-25', '2021-09-18', 'United Kingdom', 'Aberdeen', 'Moose', '2');
insert into order_table (customer_id, package_id, name, price, weight, type, ordering_date, delievery_date, country, city, street, home_number) values (1, 31, 'Ford', 10607.62, 2978.79, 'envelop', '2020-04-12', '2021-06-20', 'China', 'Qiting', 'Summerview', '0');
insert into order_table (customer_id, package_id, name, price, weight, type, ordering_date, delievery_date, country, city, street, home_number) values (2, 32, 'Toyota', 92293.07, 2641.54, 'envelop', '2020-12-08', '2021-01-16', 'Dominican Republic', 'Piedra Blanca', 'Sullivan', '76');
insert into order_table (customer_id, package_id, name, price, weight, type, ordering_date, delievery_date, country, city, street, home_number) values (23, 33, 'Jeep', 79292.39, 2220.93, 'envelop', '2020-01-26', '2021-01-19', 'China', 'Huotian', 'Morrow', '6443');
insert into order_table (customer_id, package_id, name, price, weight, type, ordering_date, delievery_date, country, city, street, home_number) values (5, 34, 'Isuzu', 8302.12, 2447.98, 'hazardous', '2020-08-08', '2021-05-09', 'Philippines', 'San Guillermo', 'Old Shore', '21');
insert into order_table (customer_id, package_id, name, price, weight, type, ordering_date, delievery_date, country, city, street, home_number) values (20, 35, 'Dodge', 77297.99, 1086.08, 'hazardous', '2020-06-04', '2021-09-26', 'Serbia', 'Novi Slankamen', 'David', '8733');
insert into order_table (customer_id, package_id, name, price, weight, type, ordering_date, delievery_date, country, city, street, home_number) values (2, 36, 'Ford', 61874.46, 1025.08, 'hazardous', '2020-01-28', '2021-07-23', 'Belarus', 'Pruzhany', 'Havey', '3');
insert into order_table (customer_id, package_id, name, price, weight, type, ordering_date, delievery_date, country, city, street, home_number) values (20, 37, 'Jeep', 15298.53, 1594.75, 'hazardous', '2020-08-30', '2021-01-25', 'Germany', 'Karlsruhe', 'Bartelt', '45260');
insert into order_table (customer_id, package_id, name, price, weight, type, ordering_date, delievery_date, country, city, street, home_number) values (12, 38, 'Nissan', 62475.75, 2346.22, 'hazardous', '2020-01-04', '2021-04-26', 'China', 'Longhua', 'Dwight', '9');
insert into order_table (customer_id, package_id, name, price, weight, type, ordering_date, delievery_date, country, city, street, home_number) values (11, 39, 'Lexus', 23226.9, 2127.72, 'international', '2020-10-23', '2021-02-18', 'Indonesia', 'Jati', 'Dennis', '4692');
insert into order_table (customer_id, package_id, name, price, weight, type, ordering_date, delievery_date, country, city, street, home_number) values (2, 40, 'Ford', 20588.01, 2303.98, 'international', '2020-11-02', '2021-02-15', 'China', 'Fenghuangshan', 'Southridge', '60064');
insert into order_table (customer_id, package_id, name, price, weight, type, ordering_date, delievery_date, country, city, street, home_number) values (11, 41, 'Aston Martin', 68514.59, 2271.81, 'international', '2020-03-25', '2021-09-10', 'Palestinian Territory', 'Aţ Ţīrah', 'Holy Cross', '9317');
insert into order_table (customer_id, package_id, name, price, weight, type, ordering_date, delievery_date, country, city, street, home_number) values (27, 42, 'Mercury', 39964.85, 1695.34, 'international', '2020-04-26', '2021-09-07', 'Cameroon', 'Fundong', 'Burning Wood', '899');
insert into order_table (customer_id, package_id, name, price, weight, type, ordering_date, delievery_date, country, city, street, home_number) values (19, 43, 'Infiniti', 3792.62, 1670.0, 'international', '2020-06-17', '2021-05-18', 'Albania', 'Moglicë', 'Holy Cross', '68681');
insert into order_table (customer_id, package_id, name, price, weight, type, ordering_date, delievery_date, country, city, street, home_number) values (20, 44, 'Maybach', 65980.8, 1592.67, 'international', '2020-02-11', '2021-06-05', 'China', 'Budayuan', 'Northview', '2');
insert into order_table (customer_id, package_id, name, price, weight, type, ordering_date, delievery_date, country, city, street, home_number) values (10, 45, 'Infiniti', 57344.39, 1824.02, 'international', '2020-02-02', '2021-11-22', 'Poland', 'Drezdenko', 'Blue Bill Park', '0474');
insert into order_table (customer_id, package_id, name, price, weight, type, ordering_date, delievery_date, country, city, street, home_number) values (17, 46, 'Saab', 47506.09, 1312.64, 'international', '2020-05-10', '2021-07-08', 'Israel', 'Jīsh', 'Gale', '4');
insert into order_table (customer_id, package_id, name, price, weight, type, ordering_date, delievery_date, country, city, street, home_number) values (30, 47, 'Scion', 1902.46, 1370.65, 'envelop', '2020-11-26', '2021-09-26', 'Mexico', 'Belisario Dominguez', 'Browning', '0634');
insert into order_table (customer_id, package_id, name, price, weight, type, ordering_date, delievery_date, country, city, street, home_number) values (30, 48, 'Maserati', 98451.78, 2052.66, 'envelop', '2020-10-27', '2021-05-05', 'Antigua and Barbuda', 'Codrington', 'Coolidge', '01958');
insert into order_table (customer_id, package_id, name, price, weight, type, ordering_date, delievery_date, country, city, street, home_number) values (21, 49, 'BMW', 20711.68, 2527.18, 'envelop', '2020-07-07', '2021-04-02', 'Indonesia', 'Batusangkar', 'Iowa', '59574');
insert into order_table (customer_id, package_id, name, price, weight, type, ordering_date, delievery_date, country, city, street, home_number) values (26, 50, 'Plymouth', 49224.11, 1348.96, 'envelop', '2020-09-16', '2021-08-04', 'Peru', 'Pozuzo', 'Prairieview', '5984');
insert into order_table (customer_id, package_id, name, price, weight, type, ordering_date, delievery_date, country, city, street, home_number) values (5, 51, 'Volkswagen', 80224.5, 1358.23, 'small box', '2020-06-06', '2021-09-18', 'Portugal', 'São Pedro', 'Barnett', '61678');
insert into order_table (customer_id, package_id, name, price, weight, type, ordering_date, delievery_date, country, city, street, home_number) values (28, 52, 'Lamborghini', 3447.49, 2590.96, 'small box', '2020-01-09', '2021-01-22', 'Haiti', 'Cerca la Source', 'Bultman', '6');
insert into order_table (customer_id, package_id, name, price, weight, type, ordering_date, delievery_date, country, city, street, home_number) values (4, 53, 'Dodge', 26481.23, 2383.63, 'small box', '2020-01-15', '2021-04-23', 'China', 'Yong’an', 'Esker', '5059');
insert into order_table (customer_id, package_id, name, price, weight, type, ordering_date, delievery_date, country, city, street, home_number) values (10, 54, 'Buick', 87909.43, 2833.67, 'small box', '2020-01-02', '2021-08-20', 'Japan', 'Tsuruga', 'Calypso', '0969');
insert into order_table (customer_id, package_id, name, price, weight, type, ordering_date, delievery_date, country, city, street, home_number) values (30, 55, 'Ford', 74642.94, 1039.38, 'small box', '2020-11-29', '2021-10-25', 'China', 'Kizil', 'David', '50');
insert into order_table (customer_id, package_id, name, price, weight, type, ordering_date, delievery_date, country, city, street, home_number) values (1, 56, 'Buick', 38715.05, 1709.06, 'small box', '2020-12-16', '2021-03-30', 'Czech Republic', 'Otaslavice', 'Westport', '01');
insert into order_table (customer_id, package_id, name, price, weight, type, ordering_date, delievery_date, country, city, street, home_number) values (21, 57, 'Pontiac', 48827.51, 2898.02, 'big box', '2020-04-10', '2021-02-08', 'Russia', 'Dzerzhinskiy', 'Hallows', '799');
insert into order_table (customer_id, package_id, name, price, weight, type, ordering_date, delievery_date, country, city, street, home_number) values (27, 58, 'Pontiac', 63998.28, 2187.46, 'big box', '2020-12-09', '2021-03-17', 'Finland', 'Tuusniemi', 'Quincy', '5813');
insert into order_table (customer_id, package_id, name, price, weight, type, ordering_date, delievery_date, country, city, street, home_number) values (18, 59, 'Bentley', 56652.88, 1820.75, 'envelop', '2020-05-22', '2021-11-15', 'Czech Republic', 'Křenovice', 'Maryland', '11');
insert into order_table (customer_id, package_id, name, price, weight, type, ordering_date, delievery_date, country, city, street, home_number) values (29, 60, 'Suzuki', 34487.88, 1217.32, 'hazardous', '2020-11-11', '2021-03-23', 'Ghana', 'Tarkwa', 'Emmet', '371');
insert into order_table (customer_id, package_id, name, price, weight, type, ordering_date, delievery_date, country, city, street, home_number) values (20, 61, 'Subaru', 89558.05, 1575.46, 'international', '2020-11-10', '2021-08-19', 'Indonesia', 'Kerek', 'Montana', '0');
insert into order_table (customer_id, package_id, name, price, weight, type, ordering_date, delievery_date, country, city, street, home_number) values (19, 62, 'Honda', 12460.98, 2630.91, 'international', '2020-06-20', '2021-01-22', 'Indonesia', 'Kedatuan', 'Bayside', '32');
insert into order_table (customer_id, package_id, name, price, weight, type, ordering_date, delievery_date, country, city, street, home_number) values (9, 63, 'Mazda', 72643.14, 1067.01, 'international', '2020-02-27', '2021-08-17', 'Syria', 'Arīḩā', 'Maple', '8');
insert into order_table (customer_id, package_id, name, price, weight, type, ordering_date, delievery_date, country, city, street, home_number) values (1, 64, 'Chevrolet', 29072.15, 2857.33, 'international', '2020-11-24', '2021-07-14', 'Ireland', 'Bundoran', 'Westerfield', '50');
insert into order_table (customer_id, package_id, name, price, weight, type, ordering_date, delievery_date, country, city, street, home_number) values (28, 65, 'Chevrolet', 92073.7, 2131.28, 'international', '2020-04-22', '2021-01-13', 'China', 'Jingxin', 'Sage', '6748');
insert into order_table (customer_id, package_id, name, price, weight, type, ordering_date, delievery_date, country, city, street, home_number) values (14, 66, 'BMW', 71698.6, 1524.34, 'international', '2020-05-30', '2021-10-21', 'Portugal', 'Ferreira do Alentejo', 'Buell', '46');
insert into order_table (customer_id, package_id, name, price, weight, type, ordering_date, delievery_date, country, city, street, home_number) values (30, 67, 'Kia', 16165.24, 1740.87, 'international', '2020-10-14', '2021-03-02', 'China', 'Zhili', 'Melvin', '54098');
insert into order_table (customer_id, package_id, name, price, weight, type, ordering_date, delievery_date, country, city, street, home_number) values (16, 68, 'Mercedes-Benz', 44731.4, 1394.61, 'big box', '2020-04-11', '2021-02-28', 'Russia', 'Sheregesh', 'Paget', '6');
insert into order_table (customer_id, package_id, name, price, weight, type, ordering_date, delievery_date, country, city, street, home_number) values (21, 69, 'Volvo', 71634.03, 2847.36, 'small box', '2020-01-25', '2021-03-14', 'Peru', 'Obas', 'Lunder', '01');
insert into order_table (customer_id, package_id, name, price, weight, type, ordering_date, delievery_date, country, city, street, home_number) values (29, 70, 'Maserati', 52881.35, 1610.3, 'envelop', '2020-07-22', '2021-05-13', 'China', 'Bei’an', 'Kings', '08');
insert into order_table (customer_id, package_id, name, price, weight, type, ordering_date, delievery_date, country, city, street, home_number) values (8, 71, 'Mercedes-Benz', 56595.8, 1045.98, 'international', '2020-10-10', '2021-10-06', 'Canada', 'Saint-Félicien', 'Logan', '9318');
insert into order_table (customer_id, package_id, name, price, weight, type, ordering_date, delievery_date, country, city, street, home_number) values (8, 72, 'Mitsubishi', 7685.83, 1601.51, 'hazardous', '2020-02-20', '2021-10-11', 'Ukraine', 'Volodymyrets’', 'Huxley', '43');
insert into order_table (customer_id, package_id, name, price, weight, type, ordering_date, delievery_date, country, city, street, home_number) values (11, 73, 'Audi', 67235.34, 2359.51, 'hazardous', '2020-10-10', '2021-08-12', 'Germany', 'Freiburg im Breisgau', 'Charing Cross', '153');
insert into order_table (customer_id, package_id, name, price, weight, type, ordering_date, delievery_date, country, city, street, home_number) values (5, 74, 'Mercury', 59218.29, 2573.88, 'hazardous', '2020-06-20', '2021-05-05', 'United States', 'El Paso', 'Clove', '1713');
insert into order_table (customer_id, package_id, name, price, weight, type, ordering_date, delievery_date, country, city, street, home_number) values (27, 75, 'Maserati', 61886.91, 1798.87, 'hazardous', '2020-11-17', '2021-01-12', 'Czech Republic', 'Rousínov', 'Kropf', '5');
insert into order_table (customer_id, package_id, name, price, weight, type, ordering_date, delievery_date, country, city, street, home_number) values (8, 76, 'Toyota', 91534.34, 2209.13, 'hazardous', '2020-01-20', '2021-03-23', 'Indonesia', 'Abang', 'Barnett', '146');
insert into order_table (customer_id, package_id, name, price, weight, type, ordering_date, delievery_date, country, city, street, home_number) values (13, 77, 'Plymouth', 88322.0, 1478.87, 'hazardous', '2020-12-12', '2021-07-16', 'Thailand', 'Tha Ruea', 'Mandrake', '28');
insert into order_table (customer_id, package_id, name, price, weight, type, ordering_date, delievery_date, country, city, street, home_number) values (20, 78, 'Chrysler', 78240.73, 2869.62, 'hazardous', '2020-07-06', '2021-01-22', 'Brazil', 'Poço Verde', 'Dovetail', '7731');
insert into order_table (customer_id, package_id, name, price, weight, type, ordering_date, delievery_date, country, city, street, home_number) values (2, 79, 'Ford', 58046.8, 2932.66, 'hazardous', '2020-03-20', '2021-08-15', 'China', 'Baoyou', 'Daystar', '49');
insert into order_table (customer_id, package_id, name, price, weight, type, ordering_date, delievery_date, country, city, street, home_number) values (25, 80, 'Audi', 6768.26, 1959.82, 'internaional', '2020-05-06', '2021-11-24', 'Czech Republic', 'Smidary', 'Magdeline', '6003');
insert into order_table (customer_id, package_id, name, price, weight, type, ordering_date, delievery_date, country, city, street, home_number) values (11, 81, 'Kia', 89912.98, 2975.26, 'internaional', '2020-03-15', '2021-05-08', 'Sweden', 'Uppsala', 'Northview', '45195');
insert into order_table (customer_id, package_id, name, price, weight, type, ordering_date, delievery_date, country, city, street, home_number) values (28, 82, 'Chevrolet', 19397.24, 2845.77, 'internaional', '2020-05-10', '2021-04-25', 'Chad', 'Mongo', 'Fair Oaks', '8883');
insert into order_table (customer_id, package_id, name, price, weight, type, ordering_date, delievery_date, country, city, street, home_number) values (17, 83, 'Bentley', 41826.39, 1823.36, 'internaional', '2020-07-23', '2021-09-07', 'Japan', 'Izumiōtsu', 'Pawling', '3252');
insert into order_table (customer_id, package_id, name, price, weight, type, ordering_date, delievery_date, country, city, street, home_number) values (27, 84, 'Mitsubishi', 6847.52, 1739.91, 'internaional', '2020-08-01', '2021-09-03', 'Portugal', 'Aldeia da Mata', 'Logan', '3297');
insert into order_table (customer_id, package_id, name, price, weight, type, ordering_date, delievery_date, country, city, street, home_number) values (5, 85, 'Mazda', 93436.19, 2843.08, 'internaional', '2020-11-29', '2021-04-08', 'Pakistan', 'Kohlu', 'Mitchell', '2220');
insert into order_table (customer_id, package_id, name, price, weight, type, ordering_date, delievery_date, country, city, street, home_number) values (14, 86, 'Kia', 20248.11, 1180.18, 'envelop', '2020-05-07', '2021-02-21', 'Ethiopia', 'Dodola', 'South', '2765');
insert into order_table (customer_id, package_id, name, price, weight, type, ordering_date, delievery_date, country, city, street, home_number) values (25, 87, 'Kia', 2110.41, 1995.63, 'big box', '2020-03-03', '2021-04-26', 'Netherlands', 'Zwolle', 'Oxford', '100');
insert into order_table (customer_id, package_id, name, price, weight, type, ordering_date, delievery_date, country, city, street, home_number) values (15, 88, 'Eagle', 69099.11, 2623.72, 'small box', '2020-08-02', '2021-06-24', 'Philippines', 'Estacion', 'Garrison', '20230');
insert into order_table (customer_id, package_id, name, price, weight, type, ordering_date, delievery_date, country, city, street, home_number) values (27, 89, 'Volvo', 1466.33, 1849.21, 'small box', '2020-12-10', '2021-06-14', 'Portugal', 'Amieiro', 'American Ash', '50724');
insert into order_table (customer_id, package_id, name, price, weight, type, ordering_date, delievery_date, country, city, street, home_number) values (14, 90, 'GMC', 80861.09, 2633.27, 'big box', '2020-04-27', '2021-10-06', 'Ukraine', 'Skelivka', 'Ryan', '615');
insert into order_table (customer_id, package_id, name, price, weight, type, ordering_date, delievery_date, country, city, street, home_number) values (1, 91, 'Chevrolet', 76937.48, 1016.42, 'big box', '2020-05-21', '2021-07-27', 'Indonesia', 'Natakoli', 'Brown', '38');
insert into order_table (customer_id, package_id, name, price, weight, type, ordering_date, delievery_date, country, city, street, home_number) values (22, 92, 'Lotus', 84257.97, 1851.2, 'big box', '2020-12-24', '2021-02-23', 'Czech Republic', 'Mikulovice', 'Caliangt', '9204');
insert into order_table (customer_id, package_id, name, price, weight, type, ordering_date, delievery_date, country, city, street, home_number) values (28, 93, 'Mitsubishi', 26228.04, 1028.44, 'big box', '2020-05-20', '2021-09-25', 'Saudi Arabia', 'Al Jafr', 'Oxford', '71');
insert into order_table (customer_id, package_id, name, price, weight, type, ordering_date, delievery_date, country, city, street, home_number) values (23, 94, 'Mercury', 48849.58, 1393.02, 'big box', '2020-10-02', '2021-09-25', 'China', 'Shijiazhai', 'Valley Edge', '0442');
insert into order_table (customer_id, package_id, name, price, weight, type, ordering_date, delievery_date, country, city, street, home_number) values (25, 95, 'Dodge', 41716.7, 2345.57, 'big box', '2020-11-08', '2021-08-14', 'China', 'Anding', 'Sutherland', '12');
insert into order_table (customer_id, package_id, name, price, weight, type, ordering_date, delievery_date, country, city, street, home_number) values (13, 96, 'GMC', 59020.87, 1613.28, 'big box', '2020-03-20', '2021-08-05', 'Mongolia', 'Hödrögö', 'Gina', '86067');
insert into order_table (customer_id, package_id, name, price, weight, type, ordering_date, delievery_date, country, city, street, home_number) values (26, 97, 'Saab', 90505.23, 2794.08, 'big box', '2020-04-25', '2021-04-01', 'France', 'Orléans', 'Chinook', '00687');
insert into order_table (customer_id, package_id, name, price, weight, type, ordering_date, delievery_date, country, city, street, home_number) values (13, 98, 'GMC', 9598.39, 1545.18, 'big box', '2020-10-01', '2021-05-25', 'United States', 'Washington', 'Evergreen', '22');
insert into order_table (customer_id, package_id, name, price, weight, type, ordering_date, delievery_date, country, city, street, home_number) values (13, 99, 'Saturn', 93755.41, 1501.54, 'big box', '2020-07-18', '2021-03-20', 'Indonesia', 'Bandaran', 'Artisan', '04');
insert into order_table (customer_id, package_id, name, price, weight, type, ordering_date, delievery_date, country, city, street, home_number) values (2, 100, 'Ford', 93293.78, 1668.35, 'big box', '2020-07-07', '2021-01-10', 'Peru', 'Taraco', 'Doe Crossing', '59');


insert into vehicle (vehicle_id, country, city, street, datetime_of_dispatch, datetime_of_arrival, cost, package_id) values (1, 'Indonesia', 'Teluk Pinang', 'Armistice', '2020-04-29', '2020-12-08', 64.13, 1);
insert into vehicle (vehicle_id, country, city, street, datetime_of_dispatch, datetime_of_arrival, cost, package_id) values (2, 'Mauritius', 'Laventure', 'Susan', '2020-03-04', '2020-12-20', 57.75, 2);
insert into vehicle (vehicle_id, country, city, street, datetime_of_dispatch, datetime_of_arrival, cost, package_id) values (3, 'China', 'Hengqu', 'Helena', '2020-09-26', '2020-12-20', 85.33, 3);
insert into vehicle (vehicle_id, country, city, street, datetime_of_dispatch, datetime_of_arrival, cost, package_id) values (4, 'Russia', 'Koltubanovskiy', 'Londonderry', '2020-04-03', '2020-12-08', 13.9, 4);
insert into vehicle (vehicle_id, country, city, street, datetime_of_dispatch, datetime_of_arrival, cost, package_id) values (5, 'Portugal', 'Pataias', 'Veith', '2020-05-05', '2020-12-09', 28.06, 5);
insert into vehicle (vehicle_id, country, city, street, datetime_of_dispatch, datetime_of_arrival, cost, package_id) values (6, 'Senegal', 'Ouro Sogui', 'Walton', '2020-11-08', '2020-12-11', 41.03, 6);
insert into vehicle (vehicle_id, country, city, street, datetime_of_dispatch, datetime_of_arrival, cost, package_id) values (7, 'Indonesia', 'Mukun', 'Welch', '2020-03-14', '2020-12-14', 79.65, 7);
insert into vehicle (vehicle_id, country, city, street, datetime_of_dispatch, datetime_of_arrival, cost, package_id) values (8, 'Poland', 'Regulice', 'Birchwood', '2020-10-18', '2020-12-27', 12.5, 8);
insert into vehicle (vehicle_id, country, city, street, datetime_of_dispatch, datetime_of_arrival, cost, package_id) values (9, 'China', 'Shatoujiao', 'Coleman', '2020-08-05', '2020-12-09', 44.13, 9);
insert into vehicle (vehicle_id, country, city, street, datetime_of_dispatch, datetime_of_arrival, cost, package_id) values (10, 'Ecuador', 'Riobamba', 'Waubesa', '2020-04-09', '2020-12-29', 14.2, 10);
insert into vehicle (vehicle_id, country, city, street, datetime_of_dispatch, datetime_of_arrival, cost, package_id) values (11, 'Philippines', 'Agdangan', 'Anderson', '2020-09-29', '2020-12-23', 10.55, 11);
insert into vehicle (vehicle_id, country, city, street, datetime_of_dispatch, datetime_of_arrival, cost, package_id) values (12, 'Jamaica', 'Portmore', 'Maywood', '2020-10-22', '2020-12-18', 76.05, 12);
insert into vehicle (vehicle_id, country, city, street, datetime_of_dispatch, datetime_of_arrival, cost, package_id) values (13, 'Seychelles', 'Anse Royale', 'Dorton', '2020-02-22', '2020-12-20', 49.1, 13);
insert into vehicle (vehicle_id, country, city, street, datetime_of_dispatch, datetime_of_arrival, cost, package_id) values (14, 'Bosnia and Herzegovina', 'Polje', 'Raven', '2020-03-02', '2020-12-21', 32.69, 14);
insert into vehicle (vehicle_id, country, city, street, datetime_of_dispatch, datetime_of_arrival, cost, package_id) values (15, 'Mexico', 'Morelos', 'Packers', '2020-08-16', '2020-12-18', 4.62, 15);
insert into vehicle (vehicle_id, country, city, street, datetime_of_dispatch, datetime_of_arrival, cost, package_id) values (16, 'China', 'Bandong', 'Spenser', '2020-07-06', '2020-12-20', 0.24, 16);
insert into vehicle (vehicle_id, country, city, street, datetime_of_dispatch, datetime_of_arrival, cost, package_id) values (17, 'China', 'Dazhipo', 'Kingsford', '2020-07-16', '2020-12-28', 45.51, 17);
insert into vehicle (vehicle_id, country, city, street, datetime_of_dispatch, datetime_of_arrival, cost, package_id) values (18, 'China', 'Caijiang', 'Caliangt', '2020-05-18', '2020-12-22', 26.95, 18);
insert into vehicle (vehicle_id, country, city, street, datetime_of_dispatch, datetime_of_arrival, cost, package_id) values (19, 'Canada', 'Daveluyville', 'Bonner', '2020-07-04', '2020-12-16', 0.24, 19);
insert into vehicle (vehicle_id, country, city, street, datetime_of_dispatch, datetime_of_arrival, cost, package_id) values (20, 'Thailand', 'Kut Chap', 'Sunnyside', '2020-09-30', '2020-12-30', 66.84, 20);
insert into vehicle (vehicle_id, country, city, street, datetime_of_dispatch, datetime_of_arrival, cost, package_id) values (21, 'Indonesia', 'Jombang', 'Debra', '2020-08-12', '2020-12-20', 78.58, 21);
insert into vehicle (vehicle_id, country, city, street, datetime_of_dispatch, datetime_of_arrival, cost, package_id) values (22, 'Canada', 'Fredericton', 'Hovde', '2020-08-15', '2020-12-19', 4.41, 22);
insert into vehicle (vehicle_id, country, city, street, datetime_of_dispatch, datetime_of_arrival, cost, package_id) values (23, 'South Africa', 'Clanwilliam', 'Nova', '2020-10-27', '2020-12-06', 14.22, 23);
insert into vehicle (vehicle_id, country, city, street, datetime_of_dispatch, datetime_of_arrival, cost, package_id) values (24, 'Guatemala', 'Parramos', 'Meadow Ridge', '2020-10-13', '2020-12-12', 47.02, 24);
insert into vehicle (vehicle_id, country, city, street, datetime_of_dispatch, datetime_of_arrival, cost, package_id) values (25, 'Czech Republic', 'Velká Polom', 'Bunting', '2020-03-04', '2020-12-09', 4.4, 25);
insert into vehicle (vehicle_id, country, city, street, datetime_of_dispatch, datetime_of_arrival, cost, package_id) values (26, 'Portugal', 'Bodiosa a Velha', 'Golf View', '2020-06-26', '2020-12-07', 90.67, 26);
insert into vehicle (vehicle_id, country, city, street, datetime_of_dispatch, datetime_of_arrival, cost, package_id) values (27, 'Portugal', 'Messejana', 'Eastwood', '2020-03-26', '2020-12-21', 34.21, 27);
insert into vehicle (vehicle_id, country, city, street, datetime_of_dispatch, datetime_of_arrival, cost, package_id) values (28, 'China', 'Xinhe', 'Hagan', '2020-12-02', '2020-12-23', 24.27, 28);
insert into vehicle (vehicle_id, country, city, street, datetime_of_dispatch, datetime_of_arrival, cost, package_id) values (29, 'China', 'Liantan', 'Helena', '2020-08-04', '2020-12-05', 52.8, 29);
insert into vehicle (vehicle_id, country, city, street, datetime_of_dispatch, datetime_of_arrival, cost, package_id) values (30, 'Portugal', 'Lagoaça', 'Graedel', '2020-04-19', '2020-12-19', 11.31, 30);
insert into vehicle (vehicle_id, country, city, street, datetime_of_dispatch, datetime_of_arrival, cost, package_id) values (31, 'Canada', 'Saint-Bruno', 'Truax', '2020-03-29', '2020-12-05', 77.29, 31);
insert into vehicle (vehicle_id, country, city, street, datetime_of_dispatch, datetime_of_arrival, cost, package_id) values (32, 'Cameroon', 'Yaoundé', 'Walton', '2020-08-08', '2020-12-15', 34.38, 32);
insert into vehicle (vehicle_id, country, city, street, datetime_of_dispatch, datetime_of_arrival, cost, package_id) values (33, 'Czech Republic', 'Stěžery', 'Badeau', '2020-03-22', '2020-12-09', 7.48, 33);
insert into vehicle (vehicle_id, country, city, street, datetime_of_dispatch, datetime_of_arrival, cost, package_id) values (34, 'Uzbekistan', 'Namangan Shahri', 'Donald', '2020-08-20', '2020-12-06', 92.31, 34);
insert into vehicle (vehicle_id, country, city, street, datetime_of_dispatch, datetime_of_arrival, cost, package_id) values (35, 'China', 'Xinqiaohe', 'Vernon', '2020-03-16', '2020-12-11', 87.12, 35);
insert into vehicle (vehicle_id, country, city, street, datetime_of_dispatch, datetime_of_arrival, cost, package_id) values (36, 'Palestinian Territory', 'Jīt', 'Grasskamp', '2020-07-15', '2020-12-06', 73.82, 36);
insert into vehicle (vehicle_id, country, city, street, datetime_of_dispatch, datetime_of_arrival, cost, package_id) values (37, 'Pakistan', 'Toba Tek Singh', 'Bellgrove', '2020-10-16', '2020-12-12', 8.16, 37);
insert into vehicle (vehicle_id, country, city, street, datetime_of_dispatch, datetime_of_arrival, cost, package_id) values (38, 'China', 'Qianyou', 'Bowman', '2020-06-02', '2020-12-11', 27.84, 38);
insert into vehicle (vehicle_id, country, city, street, datetime_of_dispatch, datetime_of_arrival, cost, package_id) values (39, 'Namibia', 'Otavi', 'Pennsylvania', '2020-05-06', '2020-12-08', 24.93, 39);
insert into vehicle (vehicle_id, country, city, street, datetime_of_dispatch, datetime_of_arrival, cost, package_id) values (40, 'Moldova', 'Ceadîr-Lunga', 'Schmedeman', '2020-12-01', '2020-12-05', 99.7, 40);
insert into vehicle (vehicle_id, country, city, street, datetime_of_dispatch, datetime_of_arrival, cost, package_id) values (41, 'China', 'Huangjiazhai', 'Old Shore', '2020-05-04', '2020-12-16', 54.58, 41);
insert into vehicle (vehicle_id, country, city, street, datetime_of_dispatch, datetime_of_arrival, cost, package_id) values (42, 'China', 'Luokeng', 'Westridge', '2020-06-11', '2020-12-20', 87.21, 42);
insert into vehicle (vehicle_id, country, city, street, datetime_of_dispatch, datetime_of_arrival, cost, package_id) values (43, 'Indonesia', 'Badong', 'Beilfuss', '2020-03-23', '2020-12-04', 46.97, 43);
insert into vehicle (vehicle_id, country, city, street, datetime_of_dispatch, datetime_of_arrival, cost, package_id) values (44, 'China', 'Wenbi', 'Huxley', '2020-09-08', '2020-12-28', 59.01, 44);
insert into vehicle (vehicle_id, country, city, street, datetime_of_dispatch, datetime_of_arrival, cost, package_id) values (45, 'Russia', 'Rybatskoye', 'Columbus', '2020-11-25', '2020-12-08', 9.96, 45);
insert into vehicle (vehicle_id, country, city, street, datetime_of_dispatch, datetime_of_arrival, cost, package_id) values (46, 'China', 'Beizhakou', 'Delaware', '2020-11-04', '2020-12-17', 75.81, 46);
insert into vehicle (vehicle_id, country, city, street, datetime_of_dispatch, datetime_of_arrival, cost, package_id) values (47, 'China', 'Darong', 'Algoma', '2020-06-04', '2020-12-08', 11.18, 47);
insert into vehicle (vehicle_id, country, city, street, datetime_of_dispatch, datetime_of_arrival, cost, package_id) values (48, 'United States', 'Hampton', 'Logan', '2020-07-14', '2020-12-05', 78.15, 48);
insert into vehicle (vehicle_id, country, city, street, datetime_of_dispatch, datetime_of_arrival, cost, package_id) values (49, 'Sweden', 'Herrljunga', 'Mayer', '2020-02-18', '2020-12-12', 12.01, 49);
insert into vehicle (vehicle_id, country, city, street, datetime_of_dispatch, datetime_of_arrival, cost, package_id) values (50, 'East Timor', 'Aileu', 'Grover', '2020-07-02', '2020-12-16', 81.22, 50);
insert into vehicle (vehicle_id, country, city, street, datetime_of_dispatch, datetime_of_arrival, cost, package_id) values (51, 'China', 'Dushan', 'Kinsman', '2020-08-24', '2020-12-21', 48.14, 51);
insert into vehicle (vehicle_id, country, city, street, datetime_of_dispatch, datetime_of_arrival, cost, package_id) values (52, 'Indonesia', 'Solor', 'Parkside', '2020-09-09', '2020-12-31', 24.88, 52);
insert into vehicle (vehicle_id, country, city, street, datetime_of_dispatch, datetime_of_arrival, cost, package_id) values (53, 'Japan', 'Gushikawa', 'Arizona', '2020-03-12', '2020-12-25', 46.8, 53);
insert into vehicle (vehicle_id, country, city, street, datetime_of_dispatch, datetime_of_arrival, cost, package_id) values (54, 'Russia', 'Zhireken', 'Haas', '2020-03-13', '2020-12-05', 86.79, 54);
insert into vehicle (vehicle_id, country, city, street, datetime_of_dispatch, datetime_of_arrival, cost, package_id) values (55, 'Austria', 'Schäffern', 'Coleman', '2020-06-11', '2020-12-30', 38.87, 55);
insert into vehicle (vehicle_id, country, city, street, datetime_of_dispatch, datetime_of_arrival, cost, package_id) values (56, 'Sweden', 'Rättvik', 'Packers', '2020-04-03', '2020-12-29', 65.15, 56);
insert into vehicle (vehicle_id, country, city, street, datetime_of_dispatch, datetime_of_arrival, cost, package_id) values (57, 'Argentina', 'Lapachito', 'Novick', '2020-07-24', '2020-12-29', 39.28, 57);
insert into vehicle (vehicle_id, country, city, street, datetime_of_dispatch, datetime_of_arrival, cost, package_id) values (58, 'Indonesia', 'Desa Werasari', 'Cordelia', '2020-10-03', '2020-12-14', 10.21, 58);
insert into vehicle (vehicle_id, country, city, street, datetime_of_dispatch, datetime_of_arrival, cost, package_id) values (59, 'Peru', 'Ticaco', 'Rowland', '2020-06-05', '2020-12-19', 51.58, 59);
insert into vehicle (vehicle_id, country, city, street, datetime_of_dispatch, datetime_of_arrival, cost, package_id) values (60, 'China', 'Daping', '8th', '2020-07-24', '2020-12-09', 10.05, 60);
insert into vehicle (vehicle_id, country, city, street, datetime_of_dispatch, datetime_of_arrival, cost, package_id) values (61, 'Malaysia', 'Kuala Lumpur', 'Charing Cross', '2020-07-13', '2020-12-07', 40.71, 61);
insert into vehicle (vehicle_id, country, city, street, datetime_of_dispatch, datetime_of_arrival, cost, package_id) values (62, 'Palestinian Territory', 'Al Hāshimīyah', 'Eliot', '2020-03-13', '2020-12-30', 44.63, 62);
insert into vehicle (vehicle_id, country, city, street, datetime_of_dispatch, datetime_of_arrival, cost, package_id) values (63, 'Tuvalu', 'Kulia Village', 'New Castle', '2020-07-05', '2020-12-25', 39.46, 63);
insert into vehicle (vehicle_id, country, city, street, datetime_of_dispatch, datetime_of_arrival, cost, package_id) values (64, 'Brazil', 'Jequié', 'Schiller', '2020-08-22', '2020-12-14', 89.22, 64);
insert into vehicle (vehicle_id, country, city, street, datetime_of_dispatch, datetime_of_arrival, cost, package_id) values (65, 'Indonesia', 'Tongkiling', '7th', '2020-08-20', '2020-12-11', 94.29, 65);
insert into vehicle (vehicle_id, country, city, street, datetime_of_dispatch, datetime_of_arrival, cost, package_id) values (66, 'Colombia', 'Firavitoba', 'Mesta', '2020-07-20', '2020-12-11', 33.43, 66);
insert into vehicle (vehicle_id, country, city, street, datetime_of_dispatch, datetime_of_arrival, cost, package_id) values (67, 'Cuba', 'Santo Domingo', 'Bluestem', '2020-08-10', '2020-12-23', 89.03, 67);
insert into vehicle (vehicle_id, country, city, street, datetime_of_dispatch, datetime_of_arrival, cost, package_id) values (68, 'China', 'Jiaozhou', 'North', '2020-07-24', '2020-12-20', 82.82, 68);
insert into vehicle (vehicle_id, country, city, street, datetime_of_dispatch, datetime_of_arrival, cost, package_id) values (69, 'Philippines', 'Patique', 'Montana', '2020-02-26', '2020-12-09', 86.92, 69);
insert into vehicle (vehicle_id, country, city, street, datetime_of_dispatch, datetime_of_arrival, cost, package_id) values (70, 'China', 'Nan’ao', 'Packers', '2020-07-26', '2020-12-10', 8.99, 70);
insert into vehicle (vehicle_id, country, city, street, datetime_of_dispatch, datetime_of_arrival, cost, package_id) values (71, 'Pakistan', 'Tāndo Mittha Khān', 'Corry', '2020-07-23', '2020-12-13', 17.4, 71);
insert into vehicle (vehicle_id, country, city, street, datetime_of_dispatch, datetime_of_arrival, cost, package_id) values (72, 'Dominican Republic', 'Puerto Plata', 'Hansons', '2020-10-16', '2020-12-05', 64.46, 72);
insert into vehicle (vehicle_id, country, city, street, datetime_of_dispatch, datetime_of_arrival, cost, package_id) values (73, 'Russia', 'Rumyantsevo', 'Sommers', '2020-02-08', '2020-12-16', 7.33, 73);
insert into vehicle (vehicle_id, country, city, street, datetime_of_dispatch, datetime_of_arrival, cost, package_id) values (74, 'Palestinian Territory', 'Al ‘Ayzarīyah', 'Northridge', '2020-04-01', '2020-12-22', 0.26, 74);
insert into vehicle (vehicle_id, country, city, street, datetime_of_dispatch, datetime_of_arrival, cost, package_id) values (75, 'Canada', 'Nanaimo', 'Vidon', '2020-07-05', '2020-12-18', 97.88, 75);
insert into vehicle (vehicle_id, country, city, street, datetime_of_dispatch, datetime_of_arrival, cost, package_id) values (76, 'Philippines', 'Nailong', 'Truax', '2020-02-28', '2020-12-06', 88.48, 76);
insert into vehicle (vehicle_id, country, city, street, datetime_of_dispatch, datetime_of_arrival, cost, package_id) values (77, 'Russia', 'Rodionovo-Nesvetaiskoye', 'Maywood', '2020-03-04', '2020-12-29', 94.13, 77);
insert into vehicle (vehicle_id, country, city, street, datetime_of_dispatch, datetime_of_arrival, cost, package_id) values (78, 'Ukraine', 'Tomakivka', 'Vera', '2020-07-13', '2020-12-06', 69.86, 78);
insert into vehicle (vehicle_id, country, city, street, datetime_of_dispatch, datetime_of_arrival, cost, package_id) values (79, 'Poland', 'Trzebiatów', 'Westerfield', '2020-05-13', '2020-12-26', 76.51, 79);
insert into vehicle (vehicle_id, country, city, street, datetime_of_dispatch, datetime_of_arrival, cost, package_id) values (80, 'Indonesia', 'Peranap', 'Bayside', '2020-11-18', '2020-12-17', 87.73, 80);
insert into vehicle (vehicle_id, country, city, street, datetime_of_dispatch, datetime_of_arrival, cost, package_id) values (81, 'Indonesia', 'Ubajami', 'Fremont', '2020-05-14', '2020-12-11', 52.11, 81);
insert into vehicle (vehicle_id, country, city, street, datetime_of_dispatch, datetime_of_arrival, cost, package_id) values (82, 'Portugal', 'Argivai', 'Banding', '2020-06-02', '2020-12-12', 55.17, 82);
insert into vehicle (vehicle_id, country, city, street, datetime_of_dispatch, datetime_of_arrival, cost, package_id) values (83, 'Spain', 'Huesca', 'Reinke', '2020-05-27', '2020-12-27', 81.19, 83);
insert into vehicle (vehicle_id, country, city, street, datetime_of_dispatch, datetime_of_arrival, cost, package_id) values (84, 'Macedonia', 'Demir Hisar', 'Independence', '2020-04-22', '2020-12-29', 7.83, 84);
insert into vehicle (vehicle_id, country, city, street, datetime_of_dispatch, datetime_of_arrival, cost, package_id) values (85, 'Colombia', 'Landázuri', 'Erie', '2020-11-30', '2020-12-25', 24.66, 85);
insert into vehicle (vehicle_id, country, city, street, datetime_of_dispatch, datetime_of_arrival, cost, package_id) values (86, 'Myanmar', 'Pakokku', 'Village', '2020-06-26', '2020-12-10', 53.27, 86);
insert into vehicle (vehicle_id, country, city, street, datetime_of_dispatch, datetime_of_arrival, cost, package_id) values (87, 'South Africa', 'Ndwedwe', 'Coleman', '2020-11-08', '2020-12-13', 27.22, 87);
insert into vehicle (vehicle_id, country, city, street, datetime_of_dispatch, datetime_of_arrival, cost, package_id) values (88, 'Azerbaijan', 'Ujar', 'Hanson', '2020-07-13', '2020-12-29', 51.41, 88);
insert into vehicle (vehicle_id, country, city, street, datetime_of_dispatch, datetime_of_arrival, cost, package_id) values (89, 'Sweden', 'Örnsköldsvik', 'David', '2020-09-25', '2020-12-25', 57.7, 89);
insert into vehicle (vehicle_id, country, city, street, datetime_of_dispatch, datetime_of_arrival, cost, package_id) values (90, 'Thailand', 'Chaloem Phra Kiat', 'Union', '2020-10-04', '2020-12-19', 99.52, 90);
insert into vehicle (vehicle_id, country, city, street, datetime_of_dispatch, datetime_of_arrival, cost, package_id) values (91, 'Russia', 'Neftegorsk', 'Doe Crossing', '2020-02-23', '2020-12-17', 32.39, 91);
insert into vehicle (vehicle_id, country, city, street, datetime_of_dispatch, datetime_of_arrival, cost, package_id) values (92, 'Vietnam', 'Kon Tum', 'Bunker Hill', '2020-05-05', '2020-12-19', 21.53, 92);
insert into vehicle (vehicle_id, country, city, street, datetime_of_dispatch, datetime_of_arrival, cost, package_id) values (93, 'Portugal', 'Quintas', 'Scofield', '2020-05-29', '2020-12-26', 43.38, 93);
insert into vehicle (vehicle_id, country, city, street, datetime_of_dispatch, datetime_of_arrival, cost, package_id) values (94, 'Colombia', 'Abejorral', 'Cherokee', '2020-06-15', '2020-12-30', 45.94, 94);
insert into vehicle (vehicle_id, country, city, street, datetime_of_dispatch, datetime_of_arrival, cost, package_id) values (95, 'Ukraine', 'Berestechko', 'David', '2020-02-07', '2020-12-28', 56.93, 95);
insert into vehicle (vehicle_id, country, city, street, datetime_of_dispatch, datetime_of_arrival, cost, package_id) values (96, 'Ghana', 'Duayaw Nkwanta', 'Haas', '2020-05-25', '2020-12-18', 17.03, 96);
insert into vehicle (vehicle_id, country, city, street, datetime_of_dispatch, datetime_of_arrival, cost, package_id) values (97, 'Russia', 'Misheronskiy', 'Lakeland', '2020-11-15', '2020-12-05', 77.0, 97);
insert into vehicle (vehicle_id, country, city, street, datetime_of_dispatch, datetime_of_arrival, cost, package_id) values (98, 'China', 'Pailiao', 'Oak Valley', '2020-03-03', '2020-12-23', 48.04, 98);
insert into vehicle (vehicle_id, country, city, street, datetime_of_dispatch, datetime_of_arrival, cost, package_id) values (99, 'Poland', 'Barwałd Średni', 'Crownhardt', '2020-06-30', '2020-12-13', 92.66, 99);
insert into vehicle (vehicle_id, country, city, street, datetime_of_dispatch, datetime_of_arrival, cost, package_id) values (100, 'Japan', 'Shirone', 'Orin', '2020-12-03', '2020-12-11', 76.72, 100);
